DATE,CSUSHPISA,Year,Month,Per_Capita_GDP,working_age_pop,CPI,UNRATE,EmpRate,Cons_Material,FEDFUNDS,Num_Households,median_income,Subsidy
1987-01-01,63.963,1987,1,37132.0,153837100,111.4,6.6,70.15437,107.6,6.43,89479.0,63060,11.506
1987-02-01,64.423,1987,2,37239.333333333336,154050900,111.8,6.6,70.28407,107.9,6.1,89479.0,63060,11.506
1987-03-01,64.734,1987,3,37346.666666666664,154193700,112.2,6.6,70.31629000000001,108.1,6.13,89479.0,63060,11.506
1987-04-01,65.13,1987,4,37454.0,154340400,112.7,6.3,70.51045,108.3,6.37,89479.0,63060,11.506
1987-05-01,65.564,1987,5,37531.0,154526700,113.0,6.3,70.81375,108.3,6.85,89479.0,63060,11.506
1987-06-01,66.071,1987,6,37608.0,154668400,113.5,6.2,70.59522,108.6,6.73,89479.0,63060,11.506
1987-07-01,66.508,1987,7,37685.0,154727600,113.8,6.1,70.79756,109.2,6.58,89479.0,63060,11.506
1987-08-01,66.938,1987,8,37869.333333333336,154801300,114.3,6.0,70.9989,109.7,6.73,89479.0,63060,11.506
1987-09-01,67.331,1987,9,38053.666666666664,154922300,114.7,5.9,70.91305,110.5,7.22,89479.0,63060,11.506
1987-10-01,67.738,1987,10,38238.0,155026400,115.0,6.0,71.10611999999999,111.5,7.29,89479.0,63060,11.506
1987-11-01,68.104,1987,11,38278.333333333336,155188600,115.4,5.8,71.16338,112.2,6.69,89479.0,63060,11.506
1987-12-01,68.50399999999999,1987,12,38318.666666666664,155262100,115.6,5.7,71.29117,112.6,6.77,89479.0,63060,11.506
1988-01-01,68.857,1988,1,38359.0,155387300,116.0,5.7,71.31992,113.9,6.83,91124.0,63530,12.743
1988-02-01,69.26100000000001,1988,2,38500.0,155509100,116.2,5.7,71.37566,114.0,6.58,91124.0,63530,12.743
1988-03-01,69.63600000000001,1988,3,38641.0,155610500,116.5,5.7,71.28356,114.2,6.58,91124.0,63530,12.743
1988-04-01,69.97399999999999,1988,4,38782.0,155653600,117.2,5.4,71.51987,114.9,6.87,91124.0,63530,12.743
1988-05-01,70.425,1988,5,38824.0,155820600,117.5,5.6,71.33445999999999,115.2,7.09,91124.0,63530,12.743
1988-06-01,70.888,1988,6,38866.0,155988000,118.0,5.4,71.58781,115.3,7.51,91124.0,63530,12.743
1988-07-01,71.35300000000001,1988,7,38908.0,156058700,118.5,5.4,71.67636999999999,115.9,7.75,91124.0,63530,12.743
1988-08-01,71.79899999999999,1988,8,39048.0,156122800,119.0,5.6,71.79438,116.1,8.01,91124.0,63530,12.743
1988-09-01,72.24,1988,9,39188.0,156292900,119.5,5.4,71.81482,116.3,8.19,91124.0,63530,12.743
1988-10-01,72.635,1988,10,39328.0,156404800,119.9,5.4,71.94457,117.1,8.3,91124.0,63530,12.743
1988-11-01,73.071,1988,11,39434.666666666664,156514200,120.3,5.3,72.04391,117.4,8.35,91124.0,63530,12.743
1988-12-01,73.464,1988,12,39541.333333333336,156622700,120.7,5.3,72.1198,117.6,8.76,91124.0,63530,12.743
1989-01-01,73.946,1989,1,39648.0,156755700,121.2,5.4,72.28028,118.3,9.12,92830.0,64610,14.215
1989-02-01,74.382,1989,2,39719.0,156819300,121.6,5.2,72.29635,118.6,9.36,92830.0,64610,14.215
1989-03-01,74.778,1989,3,39790.0,156868400,122.2,5.0,72.41686,118.9,9.85,92830.0,64610,14.215
1989-04-01,75.084,1989,4,39861.0,156919500,123.1,5.2,72.34319,119.3,9.84,92830.0,64610,14.215
1989-05-01,75.305,1989,5,39922.666666666664,156990800,123.7,5.2,72.39108,119.6,9.81,92830.0,64610,14.215
1989-06-01,75.47800000000001,1989,6,39984.333333333336,157011800,124.1,5.3,72.57066,119.6,9.53,92830.0,64610,14.215
1989-07-01,75.655,1989,7,40046.0,157102500,124.5,5.2,72.58989,119.8,9.24,92830.0,64610,14.215
1989-08-01,75.833,1989,8,40035.666666666664,157281600,124.5,5.2,72.70388,119.5,8.99,92830.0,64610,14.215
1989-09-01,76.055,1989,9,40025.333333333336,157625500,124.8,5.3,72.49861999999999,119.9,9.02,92830.0,64610,14.215
1989-10-01,76.282,1989,10,40015.0,157660100,125.4,5.3,72.58743,120.6,8.84,92830.0,64610,14.215
1989-11-01,76.521,1989,11,40130.333333333336,157795700,125.9,5.4,72.74347,120.2,8.55,92830.0,64610,14.215
1989-12-01,76.705,1989,12,40245.666666666664,157908100,126.3,5.4,72.58913000000001,119.4,8.45,92830.0,64610,14.215
1990-01-01,76.89699999999999,1990,1,40361.0,159276100,127.5,5.4,72.48056,119.1,8.23,93347.0,63830,15.487
1990-02-01,77.053,1990,2,40368.0,159387900,128.0,5.3,72.44937,119.0,8.24,93347.0,63830,15.487
1990-03-01,77.20100000000001,1990,3,40375.0,159462100,128.6,5.2,72.48415,119.6,8.28,93347.0,63830,15.487
1990-04-01,77.278,1990,4,40382.0,159560500,128.9,5.4,72.32645,120.1,8.26,93347.0,63830,15.487
1990-05-01,77.298,1990,5,40343.333333333336,159617800,129.1,5.4,72.49434000000001,120.1,8.18,93347.0,63830,15.487
1990-06-01,77.259,1990,6,40304.666666666664,159721500,129.9,5.2,72.41694,119.5,8.29,93347.0,63830,15.487
1990-07-01,77.138,1990,7,40266.0,159811700,130.5,5.5,72.28112,119.7,8.15,93347.0,63830,15.487
1990-08-01,77.009,1990,8,40097.0,159985400,131.6,5.7,72.12093,119.5,8.13,93347.0,63830,15.487
1990-09-01,76.84899999999999,1990,9,39928.0,160223100,132.5,5.9,71.9474,119.8,8.2,93347.0,63830,15.487
1990-10-01,76.699,1990,10,39759.0,160259800,133.4,5.9,71.93373000000001,119.6,8.11,93347.0,63830,15.487
1990-11-01,76.37100000000001,1990,11,39656.333333333336,160494300,133.7,6.2,71.59278,119.7,7.81,93347.0,63830,15.487
1990-12-01,76.184,1990,12,39553.666666666664,160678200,134.2,6.3,71.5662,119.7,7.31,93347.0,63830,15.487
1991-01-01,75.915,1991,1,39451.0,160532300,134.7,6.4,71.36355999999999,120.0,6.91,94312.0,61960,17.055
1991-02-01,75.735,1991,2,39511.333333333336,160710600,134.8,6.6,71.20226,119.9,6.25,94312.0,61960,17.055
1991-03-01,75.57,1991,3,39571.666666666664,160885100,134.8,6.8,71.07228,120.0,6.12,94312.0,61960,17.055
1991-04-01,75.566,1991,4,39632.0,160952700,135.1,6.7,71.2194,120.1,5.91,94312.0,61960,17.055
1991-05-01,75.765,1991,5,39651.666666666664,161110500,135.6,6.9,70.86737,120.6,5.78,94312.0,61960,17.055
1991-06-01,75.993,1991,6,39671.333333333336,161174100,136.0,6.9,71.04061,121.4,5.9,94312.0,61960,17.055
1991-07-01,76.083,1991,7,39691.0,161190200,136.2,6.8,70.98487,121.5,5.82,94312.0,61960,17.055
1991-08-01,76.11,1991,8,39692.0,161387400,136.6,6.9,70.76302,120.3,5.66,94312.0,61960,17.055
1991-09-01,76.193,1991,9,39693.0,161528400,137.0,6.9,70.9541,120.3,5.45,94312.0,61960,17.055
1991-10-01,76.07600000000001,1991,10,39694.0,161637000,137.2,7.0,70.82936,120.2,5.21,94312.0,61960,17.055
1991-11-01,76.016,1991,11,39813.0,161831600,137.8,7.0,70.70551,120.1,4.81,94312.0,61960,17.055
1991-12-01,76.057,1991,12,39932.0,162019300,138.2,7.3,70.56003,120.2,4.43,94312.0,61960,17.055
1992-01-01,76.08800000000001,1992,1,40051.0,161785300,138.3,7.3,70.83675,120.6,4.03,95669.0,61450,18.42
1992-02-01,76.158,1992,2,40150.666666666664,162009500,138.6,7.4,70.66835,121.9,4.06,95669.0,61450,18.42
1992-03-01,76.278,1992,3,40250.333333333336,162183700,139.1,7.4,70.70227,122.7,3.98,95669.0,61450,18.42
1992-04-01,76.347,1992,4,40350.0,162301800,139.4,7.4,70.86728000000001,122.8,3.73,95669.0,61450,18.42
1992-05-01,76.4,1992,5,40433.0,162458100,139.7,7.6,70.81169,122.7,3.82,95669.0,61450,18.42
1992-06-01,76.333,1992,6,40516.0,162372000,140.1,7.8,70.95314,122.6,3.76,95669.0,61450,18.42
1992-07-01,76.265,1992,7,40599.0,162426700,140.5,7.7,71.10754,122.4,3.25,95669.0,61450,18.42
1992-08-01,76.232,1992,8,40693.0,162795600,140.8,7.6,70.91734,122.4,3.3,95669.0,61450,18.42
1992-09-01,76.24,1992,9,40787.0,163065100,141.1,7.6,70.76183,123.0,3.22,95669.0,61450,18.42
1992-10-01,76.377,1992,10,40881.0,163262300,141.7,7.3,70.63264000000001,122.6,3.1,95669.0,61450,18.42
1992-11-01,76.561,1992,11,40863.666666666664,163394800,142.1,7.4,70.66641,122.7,3.09,95669.0,61450,18.42
1992-12-01,76.676,1992,12,40846.333333333336,163523700,142.3,7.4,70.78471,123.7,2.92,95669.0,61450,18.42
1993-01-01,76.786,1993,1,40829.0,163355000,142.8,7.3,70.85132,125.2,3.02,96426.0,61150,20.607
1993-02-01,76.839,1993,2,40866.666666666664,163531500,143.1,7.1,70.95751,127.4,3.03,96426.0,61150,20.607
1993-03-01,76.869,1993,3,40904.333333333336,163676600,143.3,7.0,71.01085,129.2,3.07,96426.0,61150,20.607
1993-04-01,76.938,1993,4,40942.0,163887100,143.8,7.1,70.93575,129.5,2.96,96426.0,61150,20.607
1993-05-01,77.038,1993,5,40960.333333333336,164007300,144.2,7.1,71.19552,128.5,3.0,96426.0,61150,20.607
1993-06-01,77.244,1993,6,40978.666666666664,164004400,144.3,7.0,71.3415,127.7,3.04,96426.0,61150,20.607
1993-07-01,77.432,1993,7,40997.0,164137000,144.5,6.9,71.33814,127.4,3.06,96426.0,61150,20.607
1993-08-01,77.61399999999999,1993,8,41139.0,164353300,144.8,6.8,71.38065999999999,128.2,3.03,96426.0,61150,20.607
1993-09-01,77.796,1993,9,41281.0,164590000,145.0,6.7,71.20107,129.1,3.09,96426.0,61150,20.607
1993-10-01,77.943,1993,10,41423.0,164785100,145.6,6.8,71.22012,129.3,2.99,96426.0,61150,20.607
1993-11-01,78.15,1993,11,41519.666666666664,164822600,146.0,6.6,71.45071,130.3,3.02,96426.0,61150,20.607
1993-12-01,78.327,1993,12,41616.333333333336,164977400,146.3,6.5,71.59876,131.4,2.96,96426.0,61150,20.607
1994-01-01,78.593,1994,1,41713.0,165024500,146.3,6.6,71.55967,132.5,3.05,97107.0,61800,21.764
1994-02-01,78.72800000000001,1994,2,41860.0,165222100,146.7,6.6,71.67291,132.4,3.25,97107.0,61800,21.764
1994-03-01,78.857,1994,3,42007.0,165406900,147.1,6.5,71.57043,132.7,3.34,97107.0,61800,21.764
1994-04-01,78.988,1994,4,42154.0,165593700,147.2,6.4,71.6511,132.1,3.56,97107.0,61800,21.764
1994-05-01,79.222,1994,5,42190.666666666664,165679800,147.5,6.1,71.96655,132.4,4.01,97107.0,61800,21.764
1994-06-01,79.423,1994,6,42227.333333333336,165818200,147.9,6.1,71.82427,133.3,4.25,97107.0,61800,21.764
1994-07-01,79.595,1994,7,42264.0,165976200,148.4,6.1,71.85479000000001,133.4,4.26,97107.0,61800,21.764
1994-08-01,79.782,1994,8,42382.0,166008100,149.0,6.0,72.10673,134.1,4.47,97107.0,61800,21.764
1994-09-01,79.92,1994,9,42500.0,166129600,149.3,5.9,72.23799,135.0,4.73,97107.0,61800,21.764
1994-10-01,80.067,1994,10,42618.0,166230500,149.4,5.8,72.42999,135.3,4.76,97107.0,61800,21.764
1994-11-01,80.152,1994,11,42630.0,166241600,149.8,5.6,72.59342,136.5,5.29,97107.0,61800,21.764
1994-12-01,80.298,1994,12,42642.0,166410300,150.1,5.5,72.65714,136.5,5.45,97107.0,61800,21.764
1995-01-01,80.428,1995,1,42654.0,166416100,150.5,5.6,72.56685999999999,137.4,5.53,98990.0,63770,24.396
1995-02-01,80.529,1995,2,42656.0,166549800,150.9,5.4,72.71583000000001,138.0,5.92,98990.0,63770,24.396
1995-03-01,80.59899999999999,1995,3,42658.0,166671200,151.2,5.4,72.67914,138.6,5.98,98990.0,63770,24.396
1995-04-01,80.66199999999999,1995,4,42660.0,166888200,151.8,5.8,72.60528000000001,139.2,6.05,98990.0,63770,24.396
1995-05-01,80.705,1995,5,42735.0,166990300,152.1,5.6,72.41366,139.3,6.01,98990.0,63770,24.396
1995-06-01,80.786,1995,6,42810.0,167067600,152.4,5.6,72.44615,138.9,6.0,98990.0,63770,24.396
1995-07-01,80.938,1995,7,42885.0,167193500,152.6,5.7,72.54945,139.6,5.85,98990.0,63770,24.396
1995-08-01,81.111,1995,8,42938.0,167344900,152.9,5.7,72.47962,139.8,5.74,98990.0,63770,24.396
1995-09-01,81.308,1995,9,42991.0,167462100,153.1,5.6,72.49001,139.7,5.8,98990.0,63770,24.396
1995-10-01,81.483,1995,10,43044.0,167607800,153.5,5.5,72.56985,139.1,5.76,98990.0,63770,24.396
1995-11-01,81.62,1995,11,43115.666666666664,167772300,153.7,5.6,72.50133000000001,138.4,5.8,98990.0,63770,24.396
1995-12-01,81.737,1995,12,43187.333333333336,167960900,153.9,5.6,72.37071,138.1,5.6,98990.0,63770,24.396
1996-01-01,81.835,1996,1,43259.0,167941400,154.7,5.6,72.35148000000001,137.7,5.56,99627.0,64710,25.075
1996-02-01,81.955,1996,2,43458.0,168086400,155.0,5.5,72.52316,137.7,5.22,99627.0,64710,25.075
1996-03-01,82.196,1996,3,43657.0,168279400,155.5,5.5,72.58776,137.8,5.31,99627.0,64710,25.075
1996-04-01,82.42200000000001,1996,4,43856.0,168518900,156.1,5.6,72.56517,138.2,5.22,99627.0,64710,25.075
1996-05-01,82.611,1996,5,43939.0,168628700,156.4,5.6,72.70323,139.6,5.24,99627.0,64710,25.075
1996-06-01,82.75299999999999,1996,6,44022.0,168760300,156.7,5.3,72.82011,140.0,5.27,99627.0,64710,25.075
1996-07-01,82.93,1996,7,44105.0,168834900,157.0,5.5,72.97919,139.9,5.4,99627.0,64710,25.075
1996-08-01,83.087,1996,8,44210.333333333336,169016900,157.2,5.1,73.04288000000001,140.4,5.22,99627.0,64710,25.075
1996-09-01,83.257,1996,9,44315.666666666664,169230900,157.7,5.2,73.16662,141.4,5.3,99627.0,64710,25.075
1996-10-01,83.37799999999999,1996,10,44421.0,169378100,158.2,5.2,73.29052,140.7,5.24,99627.0,64710,25.075
1996-11-01,83.553,1996,11,44477.333333333336,169625700,158.7,5.4,73.17031,141.3,5.31,99627.0,64710,25.075
1996-12-01,83.72200000000001,1996,12,44533.666666666664,169842300,159.1,5.4,73.12827,140.9,5.29,99627.0,64710,25.075
1997-01-01,83.956,1997,1,44590.0,170316400,159.4,5.3,73.051,141.1,5.25,101018.0,66050,23.506
1997-02-01,84.182,1997,2,44794.333333333336,170448200,159.7,5.2,73.07547,141.8,5.19,101018.0,66050,23.506
1997-03-01,84.454,1997,3,44998.666666666664,170645400,159.8,5.2,73.36863000000001,142.1,5.39,101018.0,66050,23.506
1997-04-01,84.624,1997,4,45203.0,170752100,159.9,5.1,73.34227,142.6,5.51,101018.0,66050,23.506
1997-05-01,84.863,1997,5,45340.666666666664,170885400,159.9,4.9,73.48383000000001,142.6,5.5,101018.0,66050,23.506
1997-06-01,85.08200000000001,1997,6,45478.333333333336,171076500,160.2,5.0,73.4509,142.5,5.56,101018.0,66050,23.506
1997-07-01,85.33200000000001,1997,7,45616.0,171201200,160.4,4.9,73.66853,142.8,5.52,101018.0,66050,23.506
1997-08-01,85.575,1997,8,45698.0,171320200,160.8,4.8,73.75276,142.6,5.54,101018.0,66050,23.506
1997-09-01,85.852,1997,9,45780.0,171525800,161.2,4.9,73.65405,142.1,5.54,101018.0,66050,23.506
1997-10-01,86.148,1997,10,45862.0,171668000,161.5,4.7,73.66759,141.5,5.5,101018.0,66050,23.506
1997-11-01,86.634,1997,11,45976.0,171816700,161.7,4.6,73.81159,141.8,5.52,101018.0,66050,23.506
1997-12-01,87.094,1997,12,46090.0,172014000,161.8,4.7,73.75414,141.4,5.5,101018.0,66050,23.506
1998-01-01,87.617,1998,1,46204.0,172114400,162.0,4.6,73.70689,141.2,5.56,102528.0,68470,21.577
1998-02-01,88.005,1998,2,46304.0,172290700,162.0,4.6,73.77893,141.3,5.51,102528.0,68470,21.577
1998-03-01,88.443,1998,3,46404.0,172394800,162.0,4.7,73.78905,141.4,5.49,102528.0,68470,21.577
1998-04-01,88.88,1998,4,46504.0,172507300,162.2,4.3,73.87120999999999,141.8,5.45,102528.0,68470,21.577
1998-05-01,89.365,1998,5,46650.333333333336,172702500,162.6,4.4,73.87447,141.6,5.49,102528.0,68470,21.577
1998-06-01,89.846,1998,6,46796.666666666664,172926100,162.8,4.5,73.80416,141.2,5.56,102528.0,68470,21.577
1998-07-01,90.312,1998,7,46943.0,173099900,163.2,4.5,73.7376,141.9,5.54,102528.0,68470,21.577
1998-08-01,91.26,1998,9,47249.0,173434500,163.5,4.6,73.93879,142.0,5.51,102528.0,68470,21.577
1998-09-01,91.718,1998,10,47555.0,173549700,163.9,4.5,73.86756,140.8,5.07,102528.0,68470,21.577
1998-10-01,92.201,1998,11,47663.333333333336,173718900,164.1,4.4,73.91194,140.5,4.83,102528.0,68470,21.577
1998-11-01,92.713,1998,12,47771.666666666664,173884600,164.4,4.4,74.04699000000001,140.5,4.68,102528.0,68470,21.577
1998-12-01,93.209,1999,1,47880.0,174365800,164.7,4.3,74.07459,140.5,4.63,103874.0,70210,21.072
1999-01-01,93.673,1999,2,47969.333333333336,174527000,164.7,4.4,73.93688,141.1,4.76,103874.0,70210,21.072
1999-02-01,94.219,1999,3,48058.666666666664,174667100,164.8,4.2,73.939,141.6,4.81,103874.0,70210,21.072
1999-03-01,94.786,1999,4,48148.0,174788800,165.9,4.3,73.81298000000001,141.6,4.74,103874.0,70210,21.072
1999-04-01,95.346,1999,5,48309.333333333336,175018300,166.0,4.2,73.98476,142.3,4.74,103874.0,70210,21.072
1999-05-01,95.976,1999,6,48470.666666666664,175242400,166.0,4.3,73.90472,143.9,4.76,103874.0,70210,21.072
1999-06-01,96.593,1999,7,48632.0,175429900,166.7,4.3,73.88374,145.0,4.99,103874.0,70210,21.072
1999-07-01,97.221,1999,8,48848.333333333336,175587900,167.1,4.2,73.91879,144.8,5.07,103874.0,70210,21.072
1999-08-01,97.864,1999,9,49064.666666666664,175717900,167.8,4.2,73.83957,143.5,5.22,103874.0,70210,21.072
1999-09-01,98.524,1999,10,49281.0,175949500,168.1,4.1,73.94524,142.6,5.2,103874.0,70210,21.072
1999-10-01,99.155,1999,11,49299.0,176038400,168.4,4.1,74.03468000000001,142.9,5.42,103874.0,70210,21.072
1999-11-01,99.845,1999,12,49317.0,176185300,168.8,4.0,74.10427,143.3,5.3,103874.0,70210,21.072
1999-12-01,100.552,2000,1,49335.0,178203600,169.3,4.0,74.25241,144.1,5.45,104705.0,70020,19.69
2000-01-01,101.339,2000,2,49593.0,178283200,170.0,4.1,74.27518,144.7,5.73,104705.0,70020,19.69
2000-02-01,102.127,2000,3,49851.0,178369200,171.0,4.0,74.22675,145.4,5.85,104705.0,70020,19.69
2000-03-01,102.923,2000,4,50109.0,178536400,170.9,3.8,74.51233,145.6,6.02,104705.0,70020,19.69
2000-04-01,103.678,2000,5,50080.666666666664,178768700,171.2,4.0,74.08595,144.9,6.27,104705.0,70020,19.69
2000-05-01,104.425,2000,6,50052.333333333336,179070800,172.2,4.0,74.21529,145.0,6.53,104705.0,70020,19.69
2000-06-01,105.054,2000,7,50024.0,179371400,172.7,4.0,73.83514,144.4,6.54,104705.0,70020,19.69
2000-07-01,105.768,2000,8,50079.333333333336,179441400,172.7,4.1,73.8848,143.7,6.5,104705.0,70020,19.69
2000-08-01,106.538,2000,9,50134.666666666664,179617100,173.6,3.9,73.87106,143.4,6.52,104705.0,70020,19.69
2000-09-01,107.383,2000,10,50190.0,179811100,173.9,3.9,73.89232,143.3,6.51,104705.0,70020,19.69
2000-10-01,108.303,2000,11,50097.0,179922900,174.2,3.9,73.92685999999999,142.7,6.51,104705.0,70020,19.69
2000-11-01,109.141,2000,12,50004.0,180063200,174.6,3.9,74.10765,142.5,6.4,104705.0,70020,19.69
2000-12-01,109.847,2001,1,49911.0,180346200,175.6,4.2,73.96498000000001,142.0,5.98,108209.0,68870,20.573
2001-01-01,110.502,2001,2,49975.666666666664,180507000,176.0,4.2,73.87213,142.4,5.49,108209.0,68870,20.573
2001-02-01,111.109,2001,3,50040.333333333336,180599100,176.1,4.3,73.90465999999999,142.4,5.31,108209.0,68870,20.573
2001-03-01,111.652,2001,4,50105.0,180853100,176.4,4.4,73.55468,142.5,4.8,108209.0,68870,20.573
2001-04-01,112.164,2001,5,49994.666666666664,181010700,177.3,4.3,73.39668,144.2,4.21,108209.0,68870,20.573
2001-05-01,112.797,2001,6,49884.333333333336,181357000,177.7,4.5,73.14341999999999,144.3,3.97,108209.0,68870,20.573
2001-06-01,113.491,2001,7,49774.0,181599400,177.4,4.6,73.12579000000001,143.4,3.77,108209.0,68870,20.573
2001-07-01,114.169,2001,8,49777.0,181862100,177.4,4.9,72.58075,143.3,3.65,108209.0,68870,20.573
2001-08-01,114.812,2001,9,49780.0,181983800,178.1,5.0,72.78609,143.0,3.07,108209.0,68870,20.573
2001-09-01,115.309,2001,10,49783.0,182247700,177.6,5.3,72.46528,142.3,2.49,108209.0,68870,20.573
2001-10-01,115.856,2001,11,49885.666666666664,182518600,177.5,5.5,72.31813000000001,142.1,2.09,108209.0,68870,20.573
2001-11-01,116.454,2001,12,49988.333333333336,182719400,177.4,5.7,72.23861,141.7,1.82,108209.0,68870,20.573
2001-12-01,117.144,2002,1,50091.0,182668900,177.7,5.7,72.03223,142.0,1.73,109297.0,68310,24.183
2002-01-01,117.844,2002,2,50156.0,182824700,178.0,5.7,72.33686,142.2,1.74,109297.0,68310,24.183
2002-02-01,118.687,2002,3,50221.0,183083800,178.5,5.7,72.15416,143.2,1.73,109297.0,68310,24.183
2002-03-01,119.611,2002,4,50286.0,183315900,179.3,5.9,71.90136,143.5,1.75,109297.0,68310,24.183
2002-04-01,120.724,2002,5,50311.333333333336,183461200,179.5,5.8,72.01969,143.8,1.75,109297.0,68310,24.183
2002-05-01,121.813,2002,6,50336.666666666664,183671700,179.6,5.8,71.84252,144.3,1.75,109297.0,68310,24.183
2002-06-01,122.889,2002,7,50362.0,183867600,180.0,5.8,71.7462,144.7,1.73,109297.0,68310,24.183
2002-07-01,123.831,2002,8,50342.0,184123800,180.5,5.7,71.88448000000001,145.1,1.74,109297.0,68310,24.183
2002-08-01,124.781,2002,9,50322.0,184241500,180.8,5.7,72.05198,145.4,1.75,109297.0,68310,24.183
2002-09-01,125.736,2002,10,50302.0,184453300,181.2,5.7,71.87589,145.0,1.75,109297.0,68310,24.183
2002-10-01,126.67,2002,11,50355.333333333336,184789000,181.5,5.9,71.54951,144.6,1.34,109297.0,68310,24.183
2002-11-01,127.623,2002,12,50408.666666666664,184909500,181.8,6.0,71.57857,144.3,1.24,109297.0,68310,24.183
2002-12-01,128.461,2003,1,50462.0,185657300,182.6,5.8,71.5936,144.4,1.24,111278.0,68350,25.93
2003-01-01,129.356,2003,2,50573.333333333336,185828200,183.6,5.9,71.51534000000001,145.2,1.26,111278.0,68350,25.93
2003-02-01,130.148,2003,3,50684.666666666664,186123300,183.9,5.9,71.3922,145.2,1.25,111278.0,68350,25.93
2003-03-01,130.884,2003,4,50796.0,186476700,183.2,6.0,71.38863,145.9,1.26,111278.0,68350,25.93
2003-04-01,131.735,2003,5,51034.666666666664,186699000,182.9,6.1,71.22086999999999,145.8,1.26,111278.0,68350,25.93
2003-05-01,132.649,2003,6,51273.333333333336,186893500,183.1,6.3,71.22948000000001,146.1,1.22,111278.0,68350,25.93
2003-06-01,133.77700000000002,2003,7,51512.0,187167800,183.7,6.2,71.006,147.0,1.01,111278.0,68350,25.93
2003-07-01,134.968,2003,8,51670.0,187379200,184.5,6.1,71.01548000000001,147.2,1.03,111278.0,68350,25.93
2003-08-01,136.29399999999998,2003,9,51828.0,187554900,185.1,6.1,70.92384,149.0,1.01,111278.0,68350,25.93
2003-09-01,137.532,2003,10,51986.0,187712500,184.9,6.0,71.05398000000001,149.6,1.01,111278.0,68350,25.93
2003-10-01,138.79399999999998,2003,11,52050.333333333336,187911000,185.0,5.8,71.13011999999999,150.2,1.0,111278.0,68350,25.93
2003-11-01,140.18,2003,12,52114.666666666664,188024100,185.5,5.7,71.102,149.7,0.98,111278.0,68350,25.93
2003-12-01,141.64600000000002,2004,1,52179.0,187566400,186.3,5.7,71.26087,150.0,1.0,112000.0,68250,27.201
2004-01-01,143.191,2004,2,52275.666666666664,187831900,186.7,5.6,71.20326999999999,153.4,1.01,112000.0,68250,27.201
2004-02-01,145.058,2004,3,52372.333333333336,188107500,187.1,5.8,71.04633000000001,156.5,1.0,112000.0,68250,27.201
2004-03-01,146.593,2004,4,52469.0,188338100,187.4,5.6,71.19505,160.1,1.0,112000.0,68250,27.201
2004-04-01,148.186,2004,5,52591.0,188541300,188.2,5.6,71.14198,162.7,1.0,112000.0,68250,27.201
2004-05-01,149.852,2004,6,52713.0,188689700,188.9,5.6,71.10732,162.0,1.03,112000.0,68250,27.201
2004-06-01,151.338,2004,7,52835.0,188779800,189.1,5.5,71.29648,162.2,1.26,112000.0,68250,27.201
2004-07-01,152.635,2004,8,52970.666666666664,189025400,189.2,5.4,71.2589,165.9,1.43,112000.0,68250,27.201
2004-08-01,154.179,2004,9,53106.333333333336,189278400,189.8,5.4,71.16233000000001,167.2,1.61,112000.0,68250,27.201
2004-09-01,155.752,2004,10,53242.0,189470000,190.8,5.5,71.2292,165.9,1.76,112000.0,68250,27.201
2004-10-01,157.529,2004,11,53401.0,189644300,191.7,5.4,71.3628,165.5,1.93,112000.0,68250,27.201
2004-11-01,159.33100000000002,2004,12,53560.0,189848000,191.7,5.4,71.30595,166.3,2.16,112000.0,68250,27.201
2004-12-01,161.289,2005,1,53719.0,190033800,191.6,5.3,71.31705,168.6,2.28,113343.0,69310,27.651
2005-01-01,163.346,2005,2,53768.666666666664,190206200,192.4,5.4,71.23406999999999,170.4,2.5,113343.0,69310,27.651
2005-02-01,165.81400000000002,2005,3,53818.333333333336,190426600,193.1,5.2,71.28392,170.0,2.63,113343.0,69310,27.651
2005-03-01,167.503,2005,4,53868.0,190492900,193.7,5.2,71.41814000000001,170.0,2.79,113343.0,69310,27.651
2005-04-01,169.352,2005,5,53963.0,190681100,193.6,5.1,71.52486999999999,168.1,3.0,113343.0,69310,27.651
2005-05-01,171.192,2005,6,54058.0,190895800,193.7,5.0,71.48569,167.8,3.04,113343.0,69310,27.651
2005-06-01,172.861,2005,7,54153.0,191052300,194.9,5.0,71.62,167.2,3.26,113343.0,69310,27.651
2005-07-01,174.44299999999998,2005,8,54207.666666666664,191189100,196.1,4.9,71.81405,165.9,3.5,113343.0,69310,27.651
2005-08-01,176.43900000000002,2005,9,54262.333333333336,191473900,198.8,5.0,71.69241,168.9,3.62,113343.0,69310,27.651
2005-09-01,178.028,2005,10,54317.0,191700200,199.1,5.0,71.70111999999999,171.6,3.78,113343.0,69310,27.651
2005-10-01,179.68200000000002,2005,11,54520.333333333336,191992900,198.1,5.0,71.56703,172.7,4.0,113343.0,69310,27.651
2005-11-01,180.911,2005,12,54723.666666666664,192186400,198.1,4.9,71.63393,173.5,4.16,113343.0,69310,27.651
2005-12-01,182.321,2006,1,54927.0,192324700,199.3,4.7,71.68687,177.2,4.29,114384.0,70080,28.604
2006-01-01,183.288,2006,2,54933.0,192509300,199.4,4.8,71.76977,177.7,4.49,114384.0,70080,28.604
2006-02-01,184.365,2006,3,54939.0,192613600,199.7,4.7,71.82084,178.3,4.59,114384.0,70080,28.604
2006-03-01,184.329,2006,4,54945.0,192790100,200.7,4.7,71.79735,179.0,4.79,114384.0,70080,28.604
2006-04-01,184.155,2006,5,54925.333333333336,192944700,201.3,4.6,71.87387,179.9,4.94,114384.0,70080,28.604
2006-05-01,183.507,2006,6,54905.666666666664,193181600,201.8,4.6,72.01246,180.7,4.99,114384.0,70080,28.604
2006-06-01,183.066,2006,7,54886.0,193412800,202.9,4.7,72.02131999999999,182.3,5.24,114384.0,70080,28.604
2006-07-01,182.593,2006,8,54996.0,193523700,203.8,4.7,72.1067,182.6,5.25,114384.0,70080,28.604
2006-08-01,182.797,2006,9,55106.0,193585000,202.8,4.5,72.05521,183.3,5.25,114384.0,70080,28.604
2006-09-01,183.197,2006,10,55216.0,193708300,201.9,4.4,72.2447,182.3,5.25,114384.0,70080,28.604
2006-10-01,183.607,2006,11,55230.666666666664,193922700,202.0,4.5,72.17605999999999,179.8,5.25,114384.0,70080,28.604
2006-11-01,184.139,2006,12,55245.333333333336,194094500,203.1,4.4,72.31413,179.8,5.24,114384.0,70080,28.604
2006-12-01,184.517,2007,1,55260.0,194821100,203.437,4.6,72.12104000000001,181.1,5.25,116011.0,71210,29.512
2007-01-01,184.599,2007,2,55331.333333333336,195051400,204.226,4.5,71.96537,181.5,5.26,116011.0,71210,29.512
2007-02-01,184.15,2007,3,55402.666666666664,195152300,205.288,4.4,71.99693,182.5,5.26,116011.0,71210,29.512
2007-03-01,183.01,2007,4,55474.0,195252400,205.904,4.5,71.71185,183.7,5.25,116011.0,71210,29.512
2007-04-01,181.601,2007,5,55532.333333333336,195413000,206.755,4.4,71.75803,184.0,5.25,116011.0,71210,29.512
2007-05-01,180.253,2007,6,55590.666666666664,195663100,207.234,4.6,71.77556,184.0,5.25,116011.0,71210,29.512
2007-06-01,179.11,2007,7,55649.0,195833000,207.603,4.7,71.74475,184.2,5.26,116011.0,71210,29.512
2007-07-01,178.116,2007,8,55718.333333333336,195970600,207.667,4.6,71.58337,183.9,5.02,116011.0,71210,29.512
2007-08-01,177.55700000000002,2007,9,55787.666666666664,196067400,208.547,4.7,71.7105,183.4,4.94,116011.0,71210,29.512
2007-09-01,176.623,2007,10,55857.0,196108600,209.19,4.7,71.58521999999999,183.0,4.76,116011.0,71210,29.512
2007-10-01,175.146,2007,11,55737.0,196170500,210.834,4.7,71.77063000000001,183.3,4.49,116011.0,71210,29.512
2007-11-01,174.34099999999998,2007,12,55617.0,196412900,211.445,5.0,71.54828,183.5,4.24,116011.0,71210,29.512
2007-12-01,173.132,2008,1,55497.0,196058400,212.174,5.0,71.67509,184.3,3.94,116783.0,68780,29.876
2008-01-01,171.54,2008,2,55566.333333333336,196234400,212.687,4.9,71.43638,185.7,2.98,116783.0,68780,29.876
2008-02-01,170.05200000000002,2008,3,55635.666666666664,196374800,213.448,5.1,71.42452,187.8,2.61,116783.0,68780,29.876
2008-03-01,168.33599999999998,2008,4,55705.0,196223900,213.942,5.0,71.40993,190.9,2.28,116783.0,68780,29.876
2008-04-01,166.657,2008,5,55562.666666666664,196450300,215.208,5.4,71.20149,195.8,1.98,116783.0,68780,29.876
2008-05-01,165.016,2008,6,55420.333333333336,196513100,217.463,5.6,71.11957,200.4,2.0,116783.0,68780,29.876
2008-06-01,163.565,2008,7,55278.0,196567200,219.016,5.8,70.92284000000001,203.4,2.01,116783.0,68780,29.876
2008-07-01,161.987,2008,8,54832.333333333336,196690500,218.69,6.1,70.70141,206.5,2.0,116783.0,68780,29.876
2008-08-01,160.30700000000002,2008,9,54386.666666666664,196837700,218.877,6.1,70.51897,206.3,1.81,116783.0,68780,29.876
2008-09-01,158.326,2008,10,53941.0,196969400,216.995,6.5,70.36874,201.8,0.97,116783.0,68780,29.876
2008-10-01,156.141,2008,11,53701.0,197131800,213.153,6.8,69.92563,199.6,0.39,116783.0,68780,29.876
2008-11-01,153.618,2008,12,53461.0,197420300,211.398,7.3,69.55435,194.8,0.16,116783.0,68780,29.876
2008-12-01,151.506,2009,1,53221.0,197060600,211.933,7.8,69.04086,193.3,0.15,117181.0,68340,32.883
2009-01-01,150.014,2009,2,53153.0,197285200,212.705,8.3,68.7494,191.2,0.22,117181.0,68340,32.883
2009-02-01,148.66,2009,3,53085.0,197531600,212.495,8.7,68.23804,190.2,0.18,117181.0,68340,32.883
2009-03-01,147.94899999999998,2009,4,53017.0,197856000,212.709,9.0,68.14265,188.1,0.15,117181.0,68340,32.883
2009-04-01,147.69299999999998,2009,5,53038.333333333336,197951700,213.022,9.4,67.77541,186.9,0.18,117181.0,68340,32.883
2009-05-01,148.088,2009,6,53059.666666666664,197604400,214.79,9.5,67.81111,187.1,0.21,117181.0,68340,32.883
2009-06-01,148.408,2009,7,53081.0,197700800,214.726,9.5,67.69031,187.6,0.16,117181.0,68340,32.883
2009-07-01,148.276,2009,8,53231.0,198050100,215.445,9.6,67.31916,188.1,0.16,117181.0,68340,32.883
2009-08-01,148.025,2009,9,53381.0,198372400,215.861,9.8,66.88351999999999,189.3,0.15,117181.0,68340,32.883
2009-09-01,147.85,2009,10,53531.0,198661700,216.509,10.0,66.61576,189.7,0.12,117181.0,68340,32.883
2009-10-01,148.136,2009,11,53581.666666666664,198711700,217.234,9.9,66.69328,189.2,0.12,117181.0,68340,32.883
2009-11-01,147.931,2009,12,53632.333333333336,198771600,217.347,9.9,66.43696,189.4,0.12,117181.0,68340,32.883
2009-12-01,147.39700000000002,2010,1,53683.0,198248200,217.488,9.8,66.78075,190.3,0.11,117538.0,66730,32.669
2010-01-01,145.632,2010,2,53822.0,198429900,217.281,9.8,66.72663,192.2,0.13,117538.0,66730,32.669
2010-02-01,145.858,2010,3,53961.0,198650700,217.353,9.9,66.73633000000001,193.7,0.16,117538.0,66730,32.669
2010-03-01,146.401,2010,4,54100.0,198995200,217.403,9.9,66.83888,196.5,0.2,117538.0,66730,32.669
2010-04-01,146.391,2010,5,54200.333333333336,199085700,217.29,9.6,66.73326999999999,198.9,0.2,117538.0,66730,32.669
2010-05-01,145.718,2010,6,54300.666666666664,198929400,217.199,9.4,66.7407,197.2,0.18,117538.0,66730,32.669
2010-06-01,144.986,2010,7,54401.0,199009900,217.605,9.4,66.7179,195.6,0.18,117538.0,66730,32.669
2010-07-01,143.911,2010,8,54457.0,199220000,217.923,9.5,66.75995999999999,194.1,0.19,117538.0,66730,32.669
2010-08-01,143.015,2010,9,54513.0,199526100,218.275,9.5,66.64889000000001,193.9,0.19,117538.0,66730,32.669
2010-09-01,142.526,2010,10,54569.0,199858800,219.035,9.4,66.46441,193.8,0.19,117538.0,66730,32.669
2010-10-01,142.166,2010,11,54493.0,199982900,219.59,9.8,66.38243,193.6,0.19,117538.0,66730,32.669
2010-11-01,142.053,2010,12,54417.0,200025600,220.472,9.3,66.50681,194.2,0.18,117538.0,66730,32.669
2010-12-01,141.515,2011,1,54341.0,199135700,221.187,9.1,66.69163,195.9,0.17,119927.0,65750,34.23
2011-01-01,140.342,2011,2,54430.666666666664,199341600,221.898,9.0,66.60246,198.1,0.16,119927.0,65750,34.23
2011-02-01,139.974,2011,3,54520.333333333336,199550300,223.046,9.0,66.67799000000001,199.7,0.14,119927.0,65750,34.23
2011-03-01,140.006,2011,4,54610.0,199939400,224.093,9.1,66.54449,201.1,0.1,119927.0,65750,34.23
2011-04-01,139.903,2011,5,54567.333333333336,200041300,224.806,9.0,66.53564,201.6,0.09,119927.0,65750,34.23
2011-05-01,139.859,2011,6,54524.666666666664,199986700,224.806,9.1,66.42619,201.9,0.09,119927.0,65750,34.23
2011-06-01,139.72799999999998,2011,7,54482.0,200105800,225.395,9.0,66.41704,202.6,0.07,119927.0,65750,34.23
2011-07-01,139.306,2011,8,54647.666666666664,200137000,226.106,9.0,66.66679,202.8,0.1,119927.0,65750,34.23
2011-08-01,138.664,2011,9,54813.333333333336,200257700,226.597,9.0,66.68575,202.7,0.08,119927.0,65750,34.23
2011-09-01,137.947,2011,10,54979.0,200421000,226.75,8.8,66.66641,202.7,0.07,119927.0,65750,34.23
2011-10-01,137.14600000000002,2011,11,55100.0,200323100,227.169,8.6,66.80794,202.2,0.08,119927.0,65750,34.23
2011-11-01,136.668,2011,12,55221.0,200312400,227.223,8.5,66.84145,202.2,0.07,119927.0,65750,34.23
2011-12-01,136.602,2012,1,55342.0,200967300,227.842,8.3,66.92215999999999,203.9,0.08,121084.0,65740,33.283
2012-01-01,136.526,2012,2,55391.333333333336,201096700,228.329,8.3,66.96613,205.1,0.1,121084.0,65740,33.283
2012-02-01,137.89700000000002,2012,3,55440.666666666664,201253700,228.807,8.2,66.9837,205.7,0.13,121084.0,65740,33.283
2012-03-01,139.148,2012,4,55490.0,201502400,229.187,8.2,66.93381,206.3,0.14,121084.0,65740,33.283
2012-04-01,140.149,2012,5,55478.0,201523800,228.713,8.2,67.063,206.5,0.16,121084.0,65740,33.283
2012-05-01,141.02700000000002,2012,6,55466.0,201450900,228.524,8.2,67.13231,206.6,0.16,121084.0,65740,33.283
2012-06-01,141.668,2012,7,55454.0,201484900,228.59,8.2,67.05759,206.2,0.16,121084.0,65740,33.283
2012-07-01,142.278,2012,8,55437.0,201588000,229.918,8.1,67.01398,205.5,0.13,121084.0,65740,33.283
2012-08-01,142.905,2012,9,55420.0,201607100,231.015,7.8,67.31033000000001,206.6,0.14,121084.0,65740,33.283
2012-09-01,143.595,2012,10,55403.0,201658700,231.638,7.8,67.49162,205.5,0.16,121084.0,65740,33.283
2012-10-01,144.578,2012,11,55555.0,201707000,231.249,7.7,67.2748,205.6,0.16,121084.0,65740,33.283
2012-11-01,145.494,2012,12,55707.0,201847500,231.221,7.9,67.2946,206.4,0.16,121084.0,65740,33.283
2012-12-01,146.82,2013,1,55859.0,201718600,231.679,8.0,67.25641999999999,208.4,0.14,122459.0,68220,33.213
2013-01-01,147.77700000000002,2013,2,55877.333333333336,201881100,232.937,7.7,67.24566,209.1,0.15,122459.0,68220,33.213
2013-02-01,149.957,2013,3,55895.666666666664,202025400,232.282,7.5,67.18954000000001,209.8,0.14,122459.0,68220,33.213
2013-03-01,151.514,2013,4,55914.0,202172400,231.797,7.6,67.25117,210.7,0.15,122459.0,68220,33.213
2013-04-01,152.846,2013,5,56033.333333333336,202289800,231.893,7.5,67.3385,209.5,0.11,122459.0,68220,33.213
2013-05-01,154.196,2013,6,56152.666666666664,202277800,232.445,7.5,67.36014,208.8,0.09,122459.0,68220,33.213
2013-06-01,155.601,2013,7,56272.0,202310800,232.9,7.3,67.48642,208.3,0.09,122459.0,68220,33.213
2013-07-01,156.957,2013,8,56395.333333333336,202487000,233.456,7.2,67.42254,208.9,0.08,122459.0,68220,33.213
2013-08-01,158.22,2013,9,56518.666666666664,202630800,233.544,7.2,67.47278,208.9,0.08,122459.0,68220,33.213
2013-09-01,159.238,2013,10,56642.0,202699500,233.669,7.2,67.14686,209.3,0.09,122459.0,68220,33.213
2013-10-01,160.07399999999998,2013,11,56543.0,202719700,234.1,6.9,67.45423000000001,209.8,0.08,122459.0,68220,33.213
2013-11-01,160.993,2013,12,56444.0,202736400,234.719,6.7,67.54578000000001,209.8,0.09,122459.0,68220,33.213
2013-12-01,161.924,2014,1,56345.0,202548300,235.288,6.6,67.72143,211.7,0.07,123229.0,67360,33.806
2014-01-01,162.52100000000002,2014,2,56552.666666666664,202677000,235.547,6.7,67.70548000000001,212.7,0.07,123229.0,67360,33.806
2014-02-01,163.08,2014,3,56760.333333333336,202706200,236.028,6.7,67.90681,213.4,0.08,123229.0,67360,33.806
2014-03-01,163.385,2014,4,56968.0,202801300,236.468,6.2,67.94564,213.6,0.09,123229.0,67360,33.806
2014-04-01,163.651,2014,5,57157.333333333336,202936800,236.918,6.3,68.02888,214.3,0.09,123229.0,67360,33.806
2014-05-01,164.05900000000003,2014,6,57346.666666666664,203038000,237.231,6.1,68.15124,214.5,0.1,123229.0,67360,33.806
2014-06-01,164.583,2014,7,57536.0,203030500,237.498,6.2,68.16228000000001,214.8,0.09,123229.0,67360,33.806
2014-07-01,165.207,2014,8,57591.333333333336,203165200,237.46,6.1,68.21883000000001,215.5,0.09,123229.0,67360,33.806
2014-08-01,165.898,2014,9,57646.666666666664,203211900,237.477,5.9,68.27353000000001,215.7,0.09,123229.0,67360,33.806
2014-09-01,166.634,2014,10,57702.0,203258200,237.43,5.7,68.57701999999999,215.9,0.09,123229.0,67360,33.806
2014-10-01,167.328,2014,11,57841.666666666664,203381100,236.983,5.8,68.52156,215.8,0.09,123229.0,67360,33.806
2014-11-01,168.044,2014,12,57981.333333333336,203423900,236.252,5.6,68.48714,215.5,0.12,123229.0,67360,33.806
2014-12-01,168.62099999999998,2015,1,58121.0,203855400,234.747,5.7,68.54184000000001,215.8,0.11,124587.0,71000,34.859
2015-01-01,169.11900000000003,2015,2,58206.0,203937500,235.342,5.5,68.53944,215.3,0.11,124587.0,71000,34.859
2015-02-01,169.78900000000002,2015,3,58291.0,203972300,235.976,5.4,68.422,215.0,0.11,124587.0,71000,34.859
2015-03-01,170.28900000000002,2015,4,58376.0,203986300,236.222,5.4,68.67667,214.5,0.12,124587.0,71000,34.859
2015-04-01,170.87099999999998,2015,5,58412.666666666664,204205700,237.001,5.6,68.79351,213.7,0.12,124587.0,71000,34.859
2015-05-01,171.47,2015,6,58449.333333333336,204408800,237.657,5.3,68.69038,213.7,0.13,124587.0,71000,34.859
2015-06-01,172.145,2015,7,58486.0,204506300,238.034,5.2,68.64074000000001,213.7,0.13,124587.0,71000,34.859
2015-07-01,172.923,2015,8,58480.666666666664,204563300,238.033,5.1,68.75735,213.3,0.14,124587.0,71000,34.859
2015-08-01,173.815,2015,9,58475.333333333336,204606800,237.498,5.0,68.66211,212.5,0.14,124587.0,71000,34.859
2015-09-01,174.778,2015,10,58470.0,204681200,237.733,5.0,68.74364,212.4,0.12,124587.0,71000,34.859
2015-10-01,175.72299999999998,2015,11,58548.0,204734100,238.017,5.1,68.8973,211.7,0.12,124587.0,71000,34.859
2015-11-01,176.52700000000002,2015,12,58626.0,204762600,237.761,5.0,69.09196,210.9,0.24,124587.0,71000,34.859
2015-12-01,177.25099999999998,2016,1,58704.0,205065800,237.652,4.8,69.18288000000001,211.4,0.34,125819.0,73520,37.55
2016-01-01,177.635,2016,2,58731.666666666664,205093200,237.336,4.9,69.25617,211.3,0.38,125819.0,73520,37.55
2016-02-01,178.153,2016,3,58759.333333333336,205200000,238.08,5.0,69.28798,211.6,0.36,125819.0,73520,37.55
2016-03-01,178.75400000000002,2016,4,58787.0,205251000,238.992,5.1,69.14854,212.7,0.37,125819.0,73520,37.55
2016-04-01,179.412,2016,5,58886.0,205410400,239.557,4.8,69.28413,213.7,0.37,125819.0,73520,37.55
2016-05-01,180.076,2016,6,58985.0,205544900,240.222,4.9,69.19584,214.6,0.38,125819.0,73520,37.55
2016-06-01,180.842,2016,7,59084.0,205688600,240.101,4.8,69.28635,215.3,0.39,125819.0,73520,37.55
2016-07-01,181.828,2016,8,59154.666666666664,205684500,240.545,4.9,69.37614,216.0,0.4,125819.0,73520,37.55
2016-08-01,182.804,2016,9,59225.333333333336,205738500,241.176,5.0,69.42281,215.3,0.4,125819.0,73520,37.55
2016-09-01,183.733,2016,10,59296.0,205848200,241.741,4.9,69.43351,214.8,0.4,125819.0,73520,37.55
2016-10-01,184.742,2016,11,59362.0,205833300,242.026,4.7,69.55733000000001,214.5,0.41,125819.0,73520,37.55
2016-11-01,185.707,2016,12,59428.0,205946000,242.637,4.7,69.5699,215.5,0.54,125819.0,73520,37.55
2016-12-01,186.785,2017,1,59494.0,205371300,243.618,4.7,69.65086,217.3,0.65,126224.0,74810,35.771
2017-01-01,187.308,2017,2,59574.666666666664,205416000,244.006,4.6,69.73132,218.8,0.66,126224.0,74810,35.771
2017-02-01,187.985,2017,3,59655.333333333336,205323000,243.892,4.4,70.00208,219.7,0.79,126224.0,74810,35.771
2017-03-01,188.712,2017,4,59736.0,205352400,244.193,4.4,70.08931,221.0,0.9,126224.0,74810,35.771
2017-04-01,189.597,2017,5,59857.0,205464000,244.004,4.4,70.00336,221.7,0.91,126224.0,74810,35.771
2017-05-01,190.484,2017,6,59978.0,205635600,244.163,4.3,70.09729,221.9,1.04,126224.0,74810,35.771
2017-06-01,191.439,2017,7,60099.0,205744000,244.243,4.3,70.18245999999999,221.9,1.15,126224.0,74810,35.771
2017-07-01,192.632,2017,8,60290.666666666664,205757000,245.183,4.4,70.15235,222.4,1.16,126224.0,74810,35.771
2017-08-01,193.73,2017,9,60482.333333333336,205688200,246.435,4.3,70.47140999999999,223.1,1.15,126224.0,74810,35.771
2017-09-01,194.779,2017,10,60674.0,205732600,246.626,4.2,70.27258,223.9,1.15,126224.0,74810,35.771
2017-10-01,195.933,2017,11,60813.666666666664,205761800,247.284,4.2,70.31368,223.9,1.16,126224.0,74810,35.771
2017-11-01,197.157,2017,12,60953.333333333336,205871600,247.805,4.1,70.29785,224.1,1.3,126224.0,74810,35.771
2017-12-01,198.297,2018,1,61093.0,206350800,248.859,4.0,70.32077,225.8,1.41,127586.0,75790,38.859
2018-01-01,199.23,2018,2,61174.0,206260900,249.529,4.1,70.60235,228.7,1.42,127586.0,75790,38.859
2018-02-01,199.967,2018,3,61255.0,206225100,249.577,4.0,70.55121,231.3,1.51,127586.0,75790,38.859
2018-03-01,200.653,2018,4,61336.0,206219400,250.227,4.0,70.53526,232.4,1.69,127586.0,75790,38.859
2018-04-01,201.411,2018,5,61431.333333333336,206405300,250.792,3.8,70.7189,236.8,1.7,127586.0,75790,38.859
2018-05-01,202.189,2018,6,61526.666666666664,206573400,251.018,4.0,70.69278,239.2,1.82,127586.0,75790,38.859
2018-06-01,202.874,2018,7,61622.0,206632700,251.214,3.8,70.86824,239.6,1.91,127586.0,75790,38.859
2018-07-01,203.65,2018,8,61621.0,206731900,251.663,3.8,70.57421,239.4,1.91,127586.0,75790,38.859
2018-08-01,204.31,2018,9,61620.0,206679900,252.182,3.7,70.7655,240.0,1.95,127586.0,75790,38.859
2018-09-01,205.076,2018,10,61619.0,206654700,252.772,3.8,70.93596,238.7,2.19,127586.0,75790,38.859
2018-10-01,205.651,2018,11,61725.666666666664,206623700,252.594,3.8,70.98980999999999,238.8,2.2,127586.0,75790,38.859
2018-11-01,206.145,2018,12,61832.333333333336,206793300,252.767,3.9,71.00709,238.3,2.27,127586.0,75790,38.859
2018-12-01,206.535,2019,1,61939.0,206309000,252.561,4.0,71.02974,238.5,2.4,128579.0,81210,40.185
2019-01-01,206.861,2019,2,62087.666666666664,206288500,253.319,3.8,71.07077,238.1,2.4,128579.0,81210,40.185
2019-02-01,207.081,2019,3,62236.333333333336,206123400,254.277,3.8,71.05695,238.1,2.41,128579.0,81210,40.185
2019-03-01,207.534,2019,4,62385.0,206169300,255.233,3.7,71.13994,237.2,2.42,128579.0,81210,40.185
2019-04-01,208.131,2019,5,62597.333333333336,206452500,255.296,3.6,71.14645,237.3,2.39,128579.0,81210,40.185
2019-05-01,208.569,2019,6,62809.666666666664,206523400,255.213,3.6,71.24625999999999,236.3,2.38,128579.0,81210,40.185
2019-06-01,209.175,2019,7,63022.0,206374300,255.802,3.7,71.26814,235.6,2.4,128579.0,81210,40.185
2019-07-01,210.029,2019,8,63134.666666666664,206404600,256.036,3.6,71.41679,234.4,2.13,128579.0,81210,40.185
2019-08-01,210.83,2019,9,63247.333333333336,206318100,256.43,3.5,71.70893000000001,234.4,2.04,128579.0,81210,40.185
2019-09-01,211.728,2019,10,63360.0,206201400,257.155,3.6,71.71954000000001,233.8,1.83,128579.0,81210,40.185
2019-10-01,212.773,2019,11,63045.0,206222500,257.879,3.6,71.69466,232.8,1.55,128579.0,81210,40.185
2019-11-01,213.949,2019,12,62730.0,206291400,258.63,3.6,71.69115,232.2,1.55,128579.0,81210,40.185
2019-12-01,215.048,2020,1,62415.0,205720500,259.127,3.6,71.76290999999999,233.4,1.55,128451.0,79560,44.147
2020-01-01,215.913,2020,2,60756.666666666664,205618700,259.25,3.5,71.80468,234.6,1.58,128451.0,79560,44.147
2020-02-01,216.46,2020,3,59098.333333333336,205289900,258.076,4.4,70.51028000000001,236.3,0.65,128451.0,79560,44.147
2020-03-01,216.85,2020,4,57440.0,206886900,256.032,14.8,60.16855,234.3,0.05,128451.0,79560,44.147
2020-04-01,216.942,2020,5,58928.666666666664,206854900,255.802,13.2,62.2386,233.3,0.05,128451.0,79560,44.147
2020-05-01,217.467,2020,6,60417.333333333336,205547300,257.042,11.0,64.78522,234.8,0.08,128451.0,79560,44.147
2020-06-01,219.168,2020,7,61906.0,205342600,258.352,10.2,65.38812,237.0,0.09,128451.0,79560,44.147
2020-07-01,222.271,2020,8,62118.666666666664,205698200,259.316,8.4,66.8561,240.9,0.1,128451.0,79560,44.147
2020-08-01,225.716,2020,9,62331.333333333336,206104900,259.997,7.8,66.91418,246.9,0.09,128451.0,79560,44.147
2020-09-01,229.664,2020,10,62544.0,205989000,260.319,6.9,67.90632,246.4,0.09,128451.0,79560,44.147
2020-10-01,233.25,2020,11,62835.333333333336,206190800,260.911,6.7,67.82595,244.3,0.09,128451.0,79560,44.147
2020-11-01,236.575,2020,12,63126.666666666664,206191100,262.045,6.7,67.94363,248.0,0.09,128451.0,79560,44.147
2020-12-01,239.748,2021,1,63418.0,205123900,262.639,6.4,68.19142,256.4,0.09,129224.0,79260,45.299
2021-01-01,242.479,2021,2,63739.666666666664,205112100,263.573,6.2,68.46664,264.6,0.08,129224.0,79260,45.299
2021-02-01,245.547,2021,3,64061.333333333336,205109700,264.847,6.1,68.58335,276.7,0.07,129224.0,79260,45.299
2021-03-01,249.079,2021,4,64383.0,205478800,266.625,6.1,68.64576,291.8,0.07,129224.0,79260,45.299
2021-04-01,253.256,2021,5,64538.666666666664,205641200,268.404,5.8,68.97501,305.9,0.06,129224.0,79260,45.299
2021-05-01,258.021,2021,6,64694.333333333336,205401900,270.71,5.9,69.10757,315.7,0.08,129224.0,79260,45.299
2021-06-01,262.38,2021,7,64850.0,205310900,271.965,5.4,69.67401,313.542,0.1,129224.0,79260,45.299
2021-07-01,266.582,2021,8,65208.333333333336,205312100,272.752,5.1,69.68004,313.083,0.09,129224.0,79260,45.299
2021-08-01,270.156,2021,9,65566.66666666667,205484300,273.942,4.7,69.93228,317.136,0.08,129224.0,79260,45.299
2021-09-01,273.616,2021,10,65925.0,205364900,276.528,4.5,70.22279,322.12,0.08,129224.0,79260,45.299
2021-10-01,277.376,2021,11,65844.66666666667,205381700,278.824,4.2,70.63979,328.94,0.08,129224.0,79260,45.299
2021-11-01,281.593,2021,12,65764.33333333333,205374600,280.806,3.9,70.82446999999999,335.032,0.08,129224.0,79260,45.299
2021-12-01,286.35,2022,1,65684.0,207025000,282.542,4.0,70.71904,345.742,0.08,131202.0,77540,48.021
2022-01-01,291.35200000000003,2022,2,65666.33333333333,206930300,284.525,3.8,70.90337,343.583,0.08,131202.0,77540,48.021
2022-02-01,296.502,2022,3,65648.66666666667,206795400,287.467,3.7,71.21838000000001,345.852,0.2,131202.0,77540,48.021
2022-03-01,300.42400000000004,2022,4,65631.0,206913700,288.582,3.7,71.1949,343.786,0.33,131202.0,77540,48.021
2022-04-01,303.314,2022,5,65733.66666666667,207126700,291.299,3.6,71.36156,353.015,0.77,131202.0,77540,48.021
2022-05-01,304.036,2022,6,65836.33333333333,207384400,295.072,3.6,71.23389,349.8,1.21,131202.0,77540,48.021
2022-06-01,303.111,2022,7,65939.0,207495300,294.94,3.5,71.3246,346.79,1.68,131202.0,77540,48.021
2022-07-01,300.998,2022,8,66073.0,207446800,295.162,3.6,71.48444,342.753,2.33,131202.0,77540,48.021
2022-08-01,299.023,2022,9,66207.0,207518300,296.421,3.5,71.41779,336.464,2.56,131202.0,77540,48.021
2022-09-01,298.778,2022,10,66341.0,207574000,297.979,3.6,71.3061,333.796,3.08,131202.0,77540,48.021
2022-10-01,298.575,2022,11,66451.66666666667,207614400,298.708,3.6,71.33207,330.369,3.78,131202.0,77540,48.021
2022-11-01,297.842,2022,12,66562.33333333333,207636600,298.808,3.5,71.61745,326.449,4.1,131202.0,77540,48.021
2022-12-01,297.768,2023,1,66673.0,208254800,300.456,3.5,71.67134,327.338,4.33,131434.0,80610,53.573
2023-01-01,298.038,2023,2,66763.66666666667,208249100,301.476,3.6,71.78186,330.532,4.57,131434.0,80610,53.573
2023-02-01,298.986,2023,3,66854.33333333333,208145900,301.643,3.5,71.85808,331.729,4.65,131434.0,80610,53.573
2023-03-01,300.249,2023,4,66945.0,208264600,302.858,3.4,71.95604,333.366,4.83,131434.0,80610,53.573
2023-04-01,302.146,2023,5,67129.66666666667,208483500,303.316,3.6,71.93774,337.473,5.06,131434.0,80610,53.573
2023-05-01,304.028,2023,6,67314.33333333333,208656700,304.099,3.6,71.98534000000001,337.336,5.08,131434.0,80610,53.573
2023-06-01,306.23400000000004,2023,7,67499.0,208816400,304.615,3.5,71.94326,334.512,5.12,131434.0,80610,53.573
